,country,market_segment,previous_cancellations,booking_changes,deposit_type,days_in_waiting_list,customer_type,reserved_room_type,required_car_parking_spaces,total_of_special_requests,is_canceled
31086,GBR,Corporate,0,0,No Deposit,12,Transient-Party,A,0,0,0
20887,CHE,Direct,0,2,No Deposit,0,Transient,C,0,1,0
4943,BRA,Direct,0,3,No Deposit,0,Transient,E,1,1,0
29579,NLD,Online TA,0,0,No Deposit,0,Transient,E,0,4,0
80255,BEL,Groups,0,1,No Deposit,185,Transient-Party,D,0,0,0
40002,NLD,Offline TA/TO,0,0,No Deposit,63,Transient-Party,A,0,1,0
11984,USA,Online TA,0,3,No Deposit,0,Transient,B,1,1,0
36894,PRT,Online TA,1,1,No Deposit,0,Transient,E,0,1,1
9827,PRT,Online TA,0,5,No Deposit,0,Transient,A,0,2,0
2500,ESP,Direct,0,3,No Deposit,0,Transient,E,0,1,0
209,SWE,Groups,0,3,No Deposit,0,Transient-Party,E,1,0,0
13093,PRT,Direct,0,3,No Deposit,0,Transient,E,1,2,0
39362,GBR,Offline TA/TO,0,1,No Deposit,0,Contract,E,0,0,0
12561,NLD,Online TA,0,1,No Deposit,0,Transient-Party,B,0,3,0
26977,ESP,Online TA,0,0,No Deposit,0,Transient-Party,A,3,2,0
2130,PRT,Groups,1,0,Non Refund,35,Transient,A,0,0,1
1501,FRA,Offline TA/TO,0,0,No Deposit,0,Transient-Party,B,0,1,0
5735,PRT,Direct,0,1,No Deposit,0,Transient-Party,E,1,0,0
6135,GBR,Groups,2,0,No Deposit,0,Transient-Party,E,0,0,1
43723,NOR,Online TA,0,2,No Deposit,0,Transient-Party,A,0,5,0
32339,PRT,Complementary,5,0,No Deposit,0,Transient,A,0,3,0
28756,PRT,Direct,2,1,No Deposit,0,Transient,A,0,2,1
1216,PRT,Groups,1,0,Non Refund,22,Transient,A,0,0,1
64181,PRT,Offline TA/TO,0,0,Non Refund,165,Transient,A,0,0,1
844,GBR,Offline TA/TO,0,0,No Deposit,0,Contract,A,0,0,0
41370,PRT,Online TA,1,0,No Deposit,0,Transient,B,0,2,1
17106,PRT,Offline TA/TO,0,0,Non Refund,71,Transient,A,0,0,1
77778,ESP,Offline TA/TO,0,0,No Deposit,0,Transient,D,2,0,0
1795,PRT,Online TA,0,1,No Deposit,0,Transient,A,1,1,0
916,PRT,Direct,0,0,No Deposit,0,Transient,H,1,0,0
16049,GBR,Groups,0,10,No Deposit,0,Transient-Party,D,0,0,0
17828,GBR,Direct,0,6,No Deposit,0,Transient,A,0,0,0
27891,PRT,Offline TA/TO,0,0,No Deposit,0,Transient-Party,H,0,1,0
49227,DNK,Direct,0,0,No Deposit,0,Transient,C,0,4,0
3571,ARG,Direct,0,3,No Deposit,0,Transient-Party,D,0,0,0
40417,GBR,Offline TA/TO,0,1,No Deposit,0,Contract,E,0,2,0
29096,BRA,Corporate,0,1,No Deposit,15,Transient-Party,D,0,1,0
41385,PRT,Corporate,1,3,No Deposit,0,Transient,A,0,0,1
3727,PRT,Corporate,3,2,No Deposit,0,Transient,A,0,1,0
5908,CN,Online TA,0,5,No Deposit,0,Transient,D,0,0,0
1857,GBR,Groups,0,6,No Deposit,0,Transient-Party,D,0,0,0
44968,GBR,Online TA,0,2,No Deposit,0,Transient,C,0,2,0
14956,PRT,Online TA,1,0,No Deposit,0,Transient-Party,A,0,1,1
2042,PRT,Online TA,0,1,No Deposit,0,Transient,C,1,0,0
81268,GBR,Online TA,0,1,No Deposit,0,Transient,F,0,5,0
773,PRT,Online TA,0,0,No Deposit,0,Transient,G,1,0,0
63423,ESP,Direct,0,5,No Deposit,0,Transient-Party,E,1,3,0
56378,PRT,Online TA,3,0,No Deposit,0,Transient-Party,A,0,2,1
23332,ESP,Direct,0,2,No Deposit,0,Transient,H,0,0,0
407,GBR,Offline TA/TO,0,0,No Deposit,0,Contract,D,1,0,0
3997,USA,Online TA,0,2,No Deposit,0,Transient-Party,D,0,1,0
25062,ESP,Online TA,0,1,No Deposit,0,Transient,C,1,2,0
11357,PRT,Online TA,0,0,No Deposit,0,Transient,F,0,4,0
23875,NOR,Online TA,0,0,No Deposit,0,Transient-Party,D,0,5,0
5905,PRT,Groups,0,1,No Deposit,98,Transient-Party,A,0,0,1
2957,PRT,Corporate,1,0,No Deposit,0,Transient,A,1,2,0
9038,ISR,Direct,0,1,No Deposit,0,Transient,A,0,5,0
12307,CHN,Online TA,0,1,No Deposit,0,Transient-Party,D,1,1,0
43185,FRA,Offline TA/TO,0,1,No Deposit,43,Transient-Party,A,0,1,0
48073,PRT,Complementary,2,1,No Deposit,0,Transient,G,0,1,0
36418,PRT,Groups,1,0,No Deposit,31,Transient-Party,A,0,0,1
76314,PRT,Online TA,0,5,No Deposit,0,Transient-Party,E,1,2,0
19107,PRT,Complementary,1,0,No Deposit,0,Transient,F,0,2,1
72576,FRA,Direct,0,3,No Deposit,0,Transient-Party,D,0,3,0
74350,PRT,Corporate,2,0,No Deposit,0,Transient,A,1,0,0
23357,PRT,Complementary,1,0,No Deposit,0,Transient,D,0,4,0
3279,IRL,Groups,24,0,No Deposit,0,Transient-Party,A,0,0,1
45136,NOR,Online TA,0,16,No Deposit,0,Transient,A,0,3,0
1893,PRT,Online TA,0,0,No Deposit,0,Transient,H,0,1,1
6998,FRA,Direct,0,2,No Deposit,0,Transient-Party,E,1,2,0
27434,PRT,Groups,0,0,Non Refund,84,Transient,A,0,0,1
22473,PRT,Direct,0,4,No Deposit,0,Transient,F,0,0,0
585,FRA,Direct,0,0,No Deposit,0,Transient,F,1,0,0
110,PRT,Offline TA/TO,0,0,No Deposit,215,Transient-Party,A,0,0,1
6719,PRT,Offline TA/TO,0,0,Non Refund,55,Transient,A,0,0,1
14518,PRT,Offline TA/TO,6,0,Non Refund,44,Transient,A,0,0,1
7580,PRT,Offline TA/TO,1,0,Non Refund,56,Transient,A,0,0,1
38570,PRT,Groups,0,0,No Deposit,97,Transient,E,0,1,0
42,PRT,Complementary,0,0,No Deposit,0,Transient,B,0,1,0
18020,BGR,Direct,0,1,No Deposit,0,Transient,A,1,4,0
26901,PRT,Online TA,1,0,No Deposit,0,Contract,F,0,0,1
5178,PRT,Online TA,1,0,No Deposit,0,Transient,A,0,3,1
511,GBR,Offline TA/TO,0,0,No Deposit,0,Contract,D,0,0,0
11085,PRT,Direct,0,2,No Deposit,0,Transient-Party,G,0,0,0
15727,PRT,Online TA,0,0,No Deposit,0,Contract,A,1,0,0
1518,PRT,Online TA,0,0,No Deposit,0,Transient,G,0,2,0
51836,NLD,Groups,0,1,No Deposit,0,Transient-Party,A,2,0,0
38540,FRA,Groups,0,0,No Deposit,84,Transient-Party,A,0,1,0
1848,FRA,Groups,0,5,No Deposit,87,Transient-Party,A,0,0,0
1147,PRT,Online TA,0,1,No Deposit,0,Transient,B,0,0,0
51226,GBR,Corporate,0,2,No Deposit,13,Transient-Party,A,0,0,0
2099,DEU,Groups,0,1,No Deposit,0,Contract,A,0,0,0
2407,ESP,Online TA,0,0,No Deposit,0,Transient-Party,E,1,0,0
2270,PRT,Direct,1,0,No Deposit,0,Transient,E,0,2,0
1607,PRT,Online TA,0,0,No Deposit,0,Contract,A,0,3,0
69675,PRT,Corporate,1,2,No Deposit,0,Transient,A,1,1,0
13944,PRT,Complementary,2,1,No Deposit,0,Transient,D,0,2,0
80357,POL,Direct,0,6,No Deposit,0,Transient,E,1,2,0
339,PRT,Offline TA/TO,1,0,Non Refund,46,Transient,A,0,0,1
44035,TUR,Groups,0,0,Non Refund,2,Transient-Party,A,0,0,0
3561,PRT,Offline TA/TO,0,0,Non Refund,70,Transient,A,0,0,1
40441,GBR,Offline TA/TO,0,0,No Deposit,0,Contract,D,0,5,0
4025,PRT,Direct,0,0,No Deposit,0,Transient,E,1,4,0
58944,PRT,Offline TA/TO,0,0,Non Refund,7,Transient,A,0,0,1
6250,PRT,Direct,0,2,No Deposit,0,Transient,D,1,2,0
24526,PRT,Direct,0,1,No Deposit,1,Transient,E,0,1,1
21403,GBR,Offline TA/TO,0,0,No Deposit,0,Contract,C,0,0,0
5204,GBR,Online TA,0,6,No Deposit,0,Transient,A,0,2,1
24118,FRA,Direct,13,1,No Deposit,0,Transient,D,0,0,0
57270,GBR,Offline TA/TO,0,3,No Deposit,0,Contract,A,0,1,0
618,PRT,Groups,0,0,Non Refund,57,Transient,A,0,0,1
12741,PRT,Groups,1,2,No Deposit,0,Transient,A,1,0,0
438,FRA,Online TA,0,0,No Deposit,0,Transient,C,0,1,0
35108,PRT,Groups,11,0,No Deposit,31,Transient-Party,A,0,0,1
2098,PRT,Corporate,3,1,No Deposit,0,Transient,A,1,0,0
43735,PRT,Complementary,2,0,No Deposit,0,Transient,A,1,1,0
770,ESP,Direct,0,3,No Deposit,0,Transient,D,0,0,0
36391,NLD,Offline TA/TO,0,3,No Deposit,63,Transient-Party,A,0,0,0
52019,GBR,Groups,0,0,No Deposit,6,Transient-Party,D,0,0,0
55229,PRT,Offline TA/TO,0,1,No Deposit,56,Transient-Party,A,0,0,0
2127,ITA,Online TA,0,3,No Deposit,0,Transient,D,0,2,1
167,USA,Online TA,0,1,No Deposit,0,Transient,D,0,1,0
7717,ITA,Online TA,0,3,No Deposit,0,Transient,G,1,1,0
8829,PRT,Groups,0,0,No Deposit,50,Transient-Party,A,0,0,1
25076,NLD,Groups,0,7,No Deposit,0,Transient-Party,C,0,0,0
313,PRT,Online TA,0,0,No Deposit,0,Transient,G,1,1,0
10507,PRT,Online TA,0,2,No Deposit,0,Group,D,0,1,0
29779,AUT,Groups,0,0,No Deposit,53,Transient-Party,A,0,0,0
25325,BRA,Online TA,0,2,No Deposit,0,Transient,A,1,4,0
49571,ITA,Offline TA/TO,0,2,No Deposit,25,Transient-Party,A,0,0,0
34932,PRT,Direct,0,4,No Deposit,0,Transient,G,1,2,0
1714,PRT,Online TA,1,0,No Deposit,0,Contract,A,0,2,1
170,BEL,Online TA,0,2,No Deposit,0,Transient,D,1,1,0
1381,ESP,Offline TA/TO,0,0,No Deposit,65,Transient-Party,A,0,0,0
30674,POL,Online TA,0,0,No Deposit,0,Transient,A,2,2,0
7803,PRT,Direct,0,0,No Deposit,0,Transient-Party,F,1,2,0
362,GBR,Online TA,0,1,No Deposit,0,Transient,E,0,1,1
1367,PRT,Groups,0,1,No Deposit,58,Transient-Party,A,0,0,0
1356,PRT,Online TA,11,0,No Deposit,0,Transient,A,0,1,0
53132,ESP,Online TA,0,0,No Deposit,0,Contract,F,1,2,0
49873,PRT,Groups,0,0,Non Refund,26,Transient,A,0,0,1
71269,IRL,Online TA,0,8,No Deposit,0,Transient,D,0,3,0
5991,PRT,Groups,0,0,Non Refund,20,Transient,A,0,0,1
2748,ESP,Direct,0,1,No Deposit,0,Transient,F,1,0,0
789,PRT,Online TA,0,0,No Deposit,0,Transient-Party,A,2,1,0
60946,PRT,Direct,0,1,No Deposit,0,Transient,H,1,2,0
61303,BRA,Online TA,11,0,No Deposit,0,Transient-Party,A,1,0,0
6181,PRT,Corporate,0,0,No Deposit,0,Group,A,1,0,0
1343,FRA,Online TA,0,2,No Deposit,0,Transient,A,1,2,0
58612,PRT,Online TA,4,0,No Deposit,0,Transient,A,0,4,1
11879,ITA,Offline TA/TO,0,0,No Deposit,111,Transient-Party,A,0,0,0
20961,DEU,Offline TA/TO,0,1,No Deposit,162,Transient-Party,A,0,0,0
70590,GBR,Online TA,0,0,No Deposit,0,Transient,B,1,2,0
33662,IRL,Online TA,0,0,No Deposit,0,Group,D,1,1,0
8752,FRA,Direct,0,0,No Deposit,0,Transient-Party,C,0,1,0
28384,ESP,Online TA,0,3,No Deposit,0,Transient,D,1,5,0
2821,OMN,Offline TA/TO,0,0,No Deposit,0,Contract,D,0,3,0
26136,GBR,Offline TA/TO,0,0,No Deposit,0,Contract,E,0,2,0
8013,POL,Groups,0,0,No Deposit,75,Transient-Party,A,0,0,0
5406,CHN,Groups,0,0,No Deposit,34,Transient-Party,E,0,0,0
52624,PRT,Online TA,0,2,No Deposit,0,Transient-Party,H,0,1,0
955,POL,Offline TA/TO,0,0,No Deposit,0,Transient-Party,A,1,1,0
10595,ESP,Online TA,0,1,No Deposit,0,Transient-Party,G,1,0,0
73999,PRT,Online TA,0,10,No Deposit,0,Transient-Party,A,1,4,0
8790,FRA,Groups,0,0,No Deposit,61,Transient-Party,A,0,1,0
4535,BEL,Offline TA/TO,0,1,No Deposit,0,Group,D,0,2,0
107,FRA,Online TA,0,2,No Deposit,0,Transient,D,0,2,0
1844,IRL,Direct,0,0,No Deposit,0,Transient-Party,D,0,3,0
17093,GBR,Online TA,0,7,No Deposit,0,Transient,D,0,1,0
9852,PRT,Offline TA/TO,0,0,No Deposit,50,Transient-Party,D,0,0,0
4672,PRT,Corporate,2,0,No Deposit,0,Transient,A,0,0,1
22923,FRA,Groups,0,2,No Deposit,34,Transient-Party,A,0,1,0
49165,PRT,Online TA,0,0,No Deposit,0,Transient-Party,D,1,4,0
610,PRT,Online TA,1,0,No Deposit,0,Transient,G,0,0,1
55817,GBR,Offline TA/TO,0,0,No Deposit,0,Contract,C,0,1,0
49138,GBR,Direct,1,0,No Deposit,0,Group,C,0,2,1
31193,PRT,Corporate,2,0,No Deposit,0,Transient-Party,A,0,0,0
5222,ESP,Online TA,0,0,No Deposit,0,Transient,H,1,1,0
5197,PRT,Direct,0,4,No Deposit,0,Transient,E,1,4,0
1150,PRT,Online TA,0,1,No Deposit,0,Transient-Party,B,0,1,0
40858,PRT,Direct,0,0,No Deposit,0,Transient-Party,B,1,1,0
38060,AUT,Online TA,0,8,No Deposit,0,Transient-Party,F,0,0,1
94,FRA,Direct,0,0,No Deposit,0,Transient,A,1,0,0
1071,PRT,Corporate,1,0,No Deposit,0,Transient,A,0,1,0
1548,USA,Online TA,0,4,No Deposit,0,Transient,D,0,3,0
1331,COL,Direct,0,3,No Deposit,0,Transient-Party,B,0,1,0
37460,CHL,Online TA,0,3,No Deposit,0,Transient-Party,E,1,2,0
6393,NOR,Online TA,0,1,No Deposit,0,Transient,E,0,3,0
67126,PRT,Direct,0,0,No Deposit,0,Group,G,0,2,0
1407,FRA,Groups,0,0,No Deposit,236,Transient-Party,A,0,0,0
1341,ISR,Online TA,0,3,No Deposit,0,Transient-Party,A,0,0,0
7085,DEU,Offline TA/TO,0,0,No Deposit,80,Transient-Party,A,0,0,0
2072,KAZ,Offline TA/TO,0,1,No Deposit,48,Transient-Party,A,0,0,0
5242,DEU,Online TA,0,0,No Deposit,0,Transient,C,1,1,0
34827,FRA,Groups,0,1,No Deposit,34,Transient,A,0,1,0
81,PRT,Direct,0,1,No Deposit,0,Transient-Party,E,0,2,0
9998,PRT,Online TA,2,0,No Deposit,0,Transient-Party,A,0,2,1
1916,ESP,Direct,0,3,No Deposit,0,Transient,H,1,0,0
33680,GBR,Online TA,0,2,No Deposit,0,Transient,C,0,3,0
2217,PRT,Online TA,0,0,No Deposit,0,Transient-Party,C,0,0,0
65999,PRT,Corporate,1,2,No Deposit,0,Transient,A,1,2,0
76247,ESP,Groups,0,0,No Deposit,18,Transient-Party,A,0,0,0
83180,USA,Groups,0,4,No Deposit,0,Transient-Party,D,0,2,0
2015,PRT,Online TA,0,4,No Deposit,0,Contract,A,0,1,0
817,PRT,Direct,0,1,No Deposit,0,Transient,D,1,2,0
25161,PRT,Direct,0,5,No Deposit,0,Transient,C,0,0,0
4397,DEU,Online TA,0,1,No Deposit,0,Contract,F,0,0,0
8982,,Complementary,0,0,No Deposit,0,Transient,P,0,0,1
49938,PRT,Corporate,1,0,No Deposit,0,Transient,D,1,2,0
10327,PRT,Corporate,1,1,No Deposit,0,Transient,D,1,2,0
47215,PRT,Direct,0,4,No Deposit,0,Transient,G,0,1,0
62235,FRA,Groups,0,0,No Deposit,49,Transient-Party,A,0,1,0
3147,BEL,Online TA,0,1,No Deposit,0,Transient,F,1,1,0
10779,GBR,Direct,0,2,No Deposit,0,Transient,E,0,4,1
6430,GBR,Complementary,0,4,No Deposit,0,Transient-Party,A,0,1,0
50040,PRT,Direct,0,2,No Deposit,0,Group,G,1,2,0
57427,PRT,Online TA,1,0,No Deposit,0,Contract,C,0,1,1
47638,DEU,Offline TA/TO,0,1,No Deposit,223,Transient,A,0,0,0
40436,FRA,Online TA,0,0,No Deposit,0,Transient,D,0,5,0
63596,PRT,Direct,0,5,No Deposit,0,Transient,E,1,1,0
12838,PRT,Offline TA/TO,0,2,No Deposit,56,Transient,A,0,0,0
44351,PRT,Online TA,1,1,No Deposit,0,Contract,A,0,1,1
39693,ESP,Offline TA/TO,0,4,No Deposit,63,Transient-Party,A,0,0,0
281,PRT,Offline TA/TO,0,0,No Deposit,162,Transient-Party,A,0,0,1
947,NLD,Online TA,0,0,No Deposit,0,Contract,D,0,2,0
34488,PRT,Direct,0,5,No Deposit,0,Transient,C,0,2,0
59385,PRT,Online TA,1,0,No Deposit,0,Transient-Party,D,0,1,1
1749,PRT,Offline TA/TO,0,0,Non Refund,68,Transient,A,0,0,1
605,PRT,Online TA,0,0,No Deposit,0,Transient,C,0,2,0
39411,PRT,Complementary,0,0,No Deposit,0,Transient,B,0,4,0
15704,PRT,Online TA,1,0,No Deposit,0,Transient,E,0,1,1
45025,GBR,Offline TA/TO,0,3,No Deposit,0,Contract,D,0,2,0
64327,FRA,Groups,0,1,No Deposit,74,Transient-Party,A,0,0,0
11887,PRT,Online TA,1,0,No Deposit,0,Transient-Party,A,0,3,1
38905,GBR,Groups,0,2,No Deposit,113,Transient-Party,D,0,0,0
2424,AUT,Online TA,0,0,No Deposit,0,Transient,B,0,2,1
11709,PRT,Groups,0,0,Non Refund,75,Transient,A,0,0,1
10513,PRT,Online TA,1,0,No Deposit,0,Contract,D,0,2,1
24864,PRT,Online TA,1,0,No Deposit,0,Transient,B,0,1,1
3767,PRT,Groups,0,1,No Deposit,49,Transient-Party,A,0,0,0
11677,PRT,Online TA,0,5,No Deposit,0,Transient,D,0,2,0
28354,PRT,Direct,0,3,No Deposit,0,Transient,C,1,2,0
2600,PRT,Groups,0,0,Non Refund,183,Transient,A,0,0,1
6722,PRT,Direct,0,4,No Deposit,0,Transient,C,0,0,1
4125,PRT,Direct,1,0,No Deposit,0,Transient-Party,B,0,1,1
1881,CN,Groups,0,1,No Deposit,0,Transient-Party,E,0,0,0
1598,MEX,Online TA,0,1,No Deposit,0,Transient,G,0,1,0
20609,PRT,Online TA,0,3,No Deposit,0,Transient,A,1,3,0
67321,PRT,Direct,0,0,No Deposit,0,Group,G,1,0,0
15397,PRT,Corporate,6,1,No Deposit,0,Transient,A,0,1,0
1645,FRA,Offline TA/TO,0,1,No Deposit,0,Contract,A,0,1,0
8952,BEL,Online TA,0,0,No Deposit,0,Contract,A,0,5,0
998,GBR,Groups,0,0,No Deposit,0,Transient-Party,D,1,0,0
2693,PRT,Online TA,1,0,No Deposit,0,Contract,A,0,1,1
73004,PRT,Online TA,0,2,No Deposit,0,Transient,F,2,1,0
25040,FRA,Offline TA/TO,0,0,No Deposit,43,Transient-Party,A,0,2,0
21564,PRT,Offline TA/TO,0,0,Non Refund,101,Transient,B,0,0,1
14028,PRT,Offline TA/TO,0,0,Non Refund,25,Transient,A,0,0,1
56952,GBR,Online TA,0,1,No Deposit,0,Transient,G,1,3,0
545,PRT,Direct,0,3,No Deposit,0,Transient,F,1,0,0
72044,USA,Direct,0,3,No Deposit,0,Transient,H,1,1,0
4530,GBR,Groups,0,1,No Deposit,0,Transient-Party,D,1,0,0
21846,ITA,Offline TA/TO,0,4,No Deposit,0,Transient-Party,A,0,2,0
18593,ISR,Groups,0,0,No Deposit,6,Transient-Party,A,0,0,0
2123,GBR,Offline TA/TO,0,0,No Deposit,0,Group,A,0,3,0
79278,PRT,Groups,0,0,Non Refund,76,Transient,D,0,0,1
16109,GBR,Online TA,0,3,No Deposit,0,Transient,C,0,2,0
50,BEL,Online TA,0,0,No Deposit,0,Transient,D,0,2,0
2837,PRT,Groups,0,0,No Deposit,176,Transient-Party,A,0,0,1
7144,PRT,Online TA,0,1,No Deposit,0,Contract,B,0,0,0
21193,PRT,Offline TA/TO,1,0,No Deposit,0,Contract,E,0,0,1
1425,AUT,Groups,0,1,No Deposit,176,Transient-Party,A,0,1,0
2372,EST,Online TA,0,6,No Deposit,0,Transient,A,0,1,1
79883,AUT,Groups,0,2,No Deposit,176,Transient-Party,A,0,0,0
22634,LTU,Online TA,0,5,No Deposit,0,Transient,D,1,3,0
1519,PRT,Offline TA/TO,1,0,Non Refund,19,Transient,A,0,0,1
2426,NOR,Online TA,0,2,No Deposit,0,Transient-Party,D,0,2,0
6105,PRT,Online TA,0,1,No Deposit,0,Transient-Party,D,0,3,0
3565,PRT,Groups,1,0,Non Refund,10,Transient,A,0,0,1
1670,BRA,Online TA,0,0,No Deposit,0,Transient-Party,D,1,1,0
22337,,Direct,1,3,No Deposit,0,Transient,D,0,1,0
26685,FRA,Offline TA/TO,0,3,No Deposit,68,Transient-Party,A,0,1,0
2275,PRT,Online TA,1,0,No Deposit,0,Transient,D,0,3,1
21722,PRT,Offline TA/TO,0,1,No Deposit,224,Transient-Party,A,0,0,0
105,PRT,Online TA,0,1,No Deposit,0,Transient-Party,A,0,3,0
54769,PRT,Complementary,0,4,No Deposit,4,Transient-Party,A,0,0,0
9034,ITA,Online TA,0,3,No Deposit,0,Transient-Party,B,0,2,0
832,FIN,Online TA,0,0,No Deposit,0,Transient-Party,D,1,2,0
9762,PRT,Corporate,1,1,No Deposit,0,Transient,A,1,2,0
38252,PRT,Direct,0,2,No Deposit,0,Transient,D,1,4,0
2138,CHN,Online TA,0,4,No Deposit,0,Transient,D,0,2,1
35442,DEU,Online TA,0,0,No Deposit,0,Transient-Party,A,0,5,0
3159,MAR,Online TA,0,4,No Deposit,0,Transient,A,0,2,0
33056,GBR,Offline TA/TO,0,0,No Deposit,0,Group,E,0,2,0
2582,PRT,Direct,0,2,No Deposit,0,Transient-Party,D,0,0,0
35860,ESP,Direct,0,0,No Deposit,0,Transient-Party,C,1,3,0
2831,IRL,Offline TA/TO,0,0,No Deposit,0,Transient,A,0,5,0
19404,NLD,Groups,0,1,No Deposit,1,Transient-Party,A,0,0,0
47850,SWE,Groups,0,4,No Deposit,0,Transient-Party,E,1,0,0
52006,GBR,Groups,0,1,No Deposit,113,Transient-Party,A,0,0,0
3574,PRT,Online TA,1,0,No Deposit,0,Contract,D,0,1,1
3027,PRT,Online TA,0,1,No Deposit,0,Transient-Party,D,1,2,0
5123,GBR,Groups,0,2,No Deposit,0,Transient-Party,A,1,0,0
38250,PRT,Online TA,0,0,No Deposit,0,Contract,A,1,3,0
28902,PRT,Direct,0,3,No Deposit,0,Transient,G,1,2,0
64029,ESP,Direct,0,4,No Deposit,0,Transient-Party,F,1,0,0
9058,PRT,Corporate,1,2,No Deposit,0,Transient,A,0,1,0
235,PRT,Direct,0,2,No Deposit,0,Transient,E,0,0,0
52139,SWE,Offline TA/TO,0,1,No Deposit,0,Contract,E,1,2,0
1113,POL,Groups,0,1,No Deposit,75,Transient-Party,A,0,0,0
15692,ISR,Online TA,0,4,No Deposit,0,Transient,F,0,1,0
334,GBR,Online TA,0,3,No Deposit,0,Transient,A,0,0,0
74291,FRA,Direct,0,2,No Deposit,0,Transient-Party,E,0,2,0
2430,PRT,Direct,0,3,No Deposit,0,Transient,D,0,3,0
77135,ISL,Offline TA/TO,0,0,No Deposit,187,Transient-Party,A,0,1,0
4996,EGY,Online TA,0,7,No Deposit,0,Transient,A,0,2,0
6,PRT,Groups,0,0,Non Refund,0,Transient,A,0,0,1
1293,PRT,Offline TA/TO,0,0,No Deposit,0,Transient,C,1,0,0
51350,CHE,Online TA,0,2,No Deposit,0,Transient-Party,F,0,1,0
168,CN,Offline TA/TO,0,0,No Deposit,0,Transient,D,1,1,0
2796,PRT,Offline TA/TO,0,0,Non Refund,21,Transient,A,0,0,1
816,AUT,Online TA,0,1,No Deposit,0,Transient-Party,E,0,3,0
51344,PRT,Offline TA/TO,0,0,Non Refund,193,Transient,A,0,0,1
16195,DEU,Online TA,0,0,No Deposit,0,Group,D,0,3,0
10071,ESP,Direct,0,1,No Deposit,0,Transient,B,1,0,0
24420,FRA,Direct,0,1,No Deposit,0,Transient-Party,B,0,2,0
4443,PRT,Online TA,0,2,No Deposit,0,Transient,C,1,2,0
2862,PRT,Online TA,0,0,No Deposit,0,Group,B,0,2,0
938,PRT,Groups,0,0,Non Refund,32,Transient,A,0,0,1
34853,PRT,Groups,0,0,Non Refund,46,Transient,A,0,0,1
82572,ESP,Direct,0,3,No Deposit,0,Transient-Party,F,0,1,0
20323,AUT,Groups,0,0,No Deposit,176,Transient-Party,A,0,1,0
23899,FRA,Online TA,0,0,No Deposit,0,Transient,D,2,1,0
82166,ESP,Aviation,1,2,No Deposit,0,Transient-Party,D,0,0,1
44679,PRT,Offline TA/TO,0,0,No Deposit,1,Transient,E,0,1,1
64902,PRT,Groups,0,5,No Deposit,122,Transient-Party,A,0,0,0
33553,PRT,Direct,0,1,No Deposit,0,Transient,F,1,3,0
26267,DEU,Online TA,0,0,No Deposit,0,Transient,B,1,0,0
76785,PRT,Direct,0,0,No Deposit,0,Group,F,0,1,0
6887,PRT,Complementary,4,0,No Deposit,0,Transient,A,0,1,0
1750,PRT,Direct,0,1,No Deposit,0,Transient,E,0,2,0
8990,BRA,Online TA,0,3,No Deposit,0,Transient,A,0,3,0
11062,PRT,Groups,0,0,No Deposit,379,Transient-Party,A,0,0,1
37071,DEU,Offline TA/TO,0,3,No Deposit,92,Transient-Party,A,0,0,0
112,DEU,Online TA,0,1,No Deposit,0,Transient,F,0,0,0
17634,PRT,Offline TA/TO,0,0,No Deposit,59,Transient-Party,A,0,1,0
56866,CYP,Groups,0,0,No Deposit,25,Transient-Party,A,0,2,0
2405,FRA,Direct,0,3,No Deposit,0,Transient,A,0,2,0
31066,PRT,Online TA,0,1,No Deposit,0,Transient-Party,H,1,2,0
1698,PRT,Online TA,0,1,No Deposit,0,Transient,D,0,4,0
751,PRT,Online TA,1,0,No Deposit,0,Contract,F,0,1,1
501,DEU,Online TA,0,2,No Deposit,0,Transient-Party,A,0,2,0
10035,FRA,Online TA,0,2,No Deposit,0,Transient,A,1,3,0
4060,FRA,Offline TA/TO,0,1,No Deposit,69,Transient-Party,A,0,0,0
10316,ESP,Offline TA/TO,0,0,No Deposit,0,Contract,A,0,4,0
72021,PRT,Offline TA/TO,0,2,Non Refund,101,Transient,A,0,0,1
39962,DEU,Groups,0,1,No Deposit,60,Transient-Party,A,0,0,0
80619,PRT,Corporate,3,0,No Deposit,0,Transient,D,0,0,1
10178,PRT,Offline TA/TO,0,0,No Deposit,14,Transient-Party,A,0,0,1
41389,GBR,Offline TA/TO,0,1,No Deposit,0,Contract,D,0,3,0
2058,ESP,Direct,0,4,No Deposit,0,Transient,A,0,1,0
32293,PRT,Offline TA/TO,0,1,Non Refund,101,Transient,A,0,0,1
2593,ROU,Online TA,0,0,No Deposit,0,Transient-Party,G,1,2,0
30886,PRT,Online TA,1,0,No Deposit,0,Contract,D,0,0,1
5076,PRT,Online TA,0,1,No Deposit,0,Transient,F,0,3,0
9176,IRL,Groups,0,7,No Deposit,0,Transient-Party,A,0,0,0
2697,GBR,Online TA,0,1,No Deposit,0,Group,A,0,1,0
10464,PRT,Groups,3,0,No Deposit,31,Transient-Party,A,0,0,1
4588,FRA,Groups,0,0,No Deposit,38,Transient-Party,A,0,1,0
54317,PRT,Corporate,0,2,No Deposit,0,Transient-Party,C,0,0,0
49104,PRT,Corporate,2,1,No Deposit,0,Transient-Party,A,0,0,0
9770,DEU,Online TA,0,0,No Deposit,0,Contract,B,1,2,0
81045,PRT,Groups,0,0,No Deposit,122,Transient,A,0,0,0
2941,PRT,Offline TA/TO,0,1,No Deposit,0,Contract,D,0,0,1
39,PRT,Corporate,0,1,No Deposit,0,Transient-Party,A,0,0,0
10629,AUS,Online TA,0,0,No Deposit,0,Transient,H,0,2,1
7457,PRT,Offline TA/TO,0,0,Non Refund,17,Transient,A,0,0,1
18753,POL,Online TA,0,2,No Deposit,0,Transient,A,0,4,0
90,PRT,Online TA,0,0,No Deposit,0,Transient,D,1,2,0
28466,PRT,Direct,0,4,No Deposit,0,Transient,A,1,3,0
53097,SWE,Complementary,0,0,No Deposit,35,Transient-Party,A,0,0,0
43183,ESP,Offline TA/TO,0,0,No Deposit,9,Transient-Party,A,0,0,0
425,BRA,Online TA,0,0,No Deposit,0,Transient,E,0,3,1
41941,FRA,Groups,0,0,No Deposit,61,Transient,A,0,1,0
2903,DEU,Online TA,0,1,No Deposit,0,Transient,A,0,4,0
1577,PRT,Online TA,0,0,No Deposit,0,Transient,C,0,0,1
57304,ESP,Online TA,0,1,No Deposit,0,Transient,C,1,3,0
75909,IRL,Online TA,0,10,No Deposit,0,Transient,D,0,1,1
74827,PRT,Direct,0,0,No Deposit,0,Group,F,1,2,0
38399,PRT,Online TA,11,0,No Deposit,0,Transient,A,1,1,0
6062,PRT,Online TA,11,0,No Deposit,0,Transient,A,0,0,0
64044,BRA,Online TA,0,1,No Deposit,0,Transient-Party,H,1,0,0
82447,PRT,Corporate,0,3,No Deposit,0,Group,D,0,0,0
680,IRL,Direct,0,0,No Deposit,0,Transient-Party,G,0,2,0
14748,FRA,Groups,0,0,No Deposit,259,Transient-Party,A,0,1,0
4430,PRT,Online TA,0,2,No Deposit,0,Contract,A,0,1,0
6928,PRT,Online TA,0,0,No Deposit,0,Group,F,0,2,0
4573,BRA,Direct,0,0,No Deposit,0,Transient,C,1,2,0
3984,PRT,Offline TA/TO,1,0,No Deposit,0,Transient,D,0,0,1
19399,FRA,Groups,0,1,No Deposit,50,Transient-Party,A,0,0,0
12464,IRL,Direct,0,1,No Deposit,0,Transient-Party,G,0,1,0
55895,PRT,Online TA,0,0,No Deposit,0,Contract,B,1,1,0
12051,LVA,Offline TA/TO,0,2,No Deposit,63,Transient-Party,A,0,0,0
65909,ESP,Direct,0,3,No Deposit,0,Transient,F,1,3,0
24525,PRT,Groups,0,0,Non Refund,14,Transient,A,0,0,1
1196,PRT,Direct,0,3,No Deposit,0,Transient,C,0,1,0
3487,PRT,Offline TA/TO,0,3,No Deposit,0,Transient-Party,A,0,1,0
93,PRT,Offline TA/TO,0,0,Non Refund,77,Transient,A,0,0,1
20,FRA,Offline TA/TO,0,0,No Deposit,0,Transient,D,0,0,0
3214,PRT,Groups,0,0,Non Refund,47,Transient,A,0,0,1
4758,GBR,Groups,0,3,No Deposit,0,Transient-Party,D,1,0,0
2022,PRT,Offline TA/TO,1,0,Non Refund,38,Transient,A,0,0,1
25532,CN,Online TA,0,0,No Deposit,0,Transient,C,1,3,0
4486,PRT,Direct,1,1,No Deposit,0,Transient,F,0,0,0
22633,PRT,Direct,0,8,No Deposit,0,Transient,A,0,1,0
6478,,Direct,0,0,No Deposit,0,Transient,F,1,3,0
12812,ISL,Offline TA/TO,0,0,No Deposit,187,Transient-Party,A,0,2,0
1361,PRT,Groups,0,0,No Deposit,38,Transient-Party,A,0,0,1
15143,PRT,Direct,1,0,No Deposit,0,Transient,E,1,4,0
4970,DEU,Offline TA/TO,0,0,No Deposit,223,Transient-Party,A,0,0,0
788,PRT,Direct,0,0,No Deposit,0,Group,A,0,1,0
35109,AUS,Direct,0,3,No Deposit,0,Transient-Party,F,1,0,0
53264,AUT,Online TA,0,13,No Deposit,0,Transient,A,0,1,0
38569,PRT,Corporate,2,0,No Deposit,0,Transient-Party,A,0,1,0
343,AUT,Online TA,0,1,No Deposit,0,Transient-Party,D,0,2,0
1779,PRT,Corporate,0,3,No Deposit,0,Transient,A,1,0,0
1156,PRT,Offline TA/TO,0,0,Non Refund,69,Transient,A,0,0,1
81570,RUS,Groups,0,0,No Deposit,22,Transient-Party,A,0,0,0
1794,PRT,Direct,0,2,No Deposit,0,Transient,F,1,0,0
1376,DEU,Online TA,0,1,No Deposit,0,Transient,B,0,2,0
52066,PRT,Groups,0,0,No Deposit,97,Transient-Party,D,0,1,0
1895,PRT,Corporate,3,1,No Deposit,0,Transient,A,0,2,0
60615,GBR,Direct,0,4,No Deposit,0,Transient,C,0,1,0
12150,ESP,Offline TA/TO,0,1,No Deposit,0,Transient-Party,F,1,1,0
5421,GBR,Direct,0,1,No Deposit,0,Transient-Party,C,0,1,1
1494,FRA,Online TA,0,0,No Deposit,0,Contract,A,1,1,0
12611,DEU,Offline TA/TO,0,1,No Deposit,147,Transient-Party,A,0,0,0
7336,PRT,Direct,0,6,No Deposit,0,Transient-Party,A,0,0,0
81351,JPN,Online TA,0,0,No Deposit,0,Group,F,0,0,0
87,IRL,Offline TA/TO,0,0,No Deposit,0,Contract,E,0,0,0
63348,PRT,Direct,0,5,No Deposit,0,Transient,D,1,1,0
12606,PRT,Offline TA/TO,0,0,Non Refund,62,Transient,A,0,0,1
44185,SWE,Direct,0,0,No Deposit,0,Transient,H,1,3,0
24052,ESP,Direct,0,4,No Deposit,0,Transient,D,1,2,0
36792,FIN,Online TA,0,0,No Deposit,0,Transient-Party,H,1,0,0
12353,PRT,Groups,0,0,Non Refund,18,Transient,A,0,0,1
80040,DEU,Online TA,0,3,No Deposit,0,Group,A,0,0,0
6560,PRT,Groups,0,1,No Deposit,122,Transient-Party,A,0,0,0
67650,ESP,Online TA,0,1,No Deposit,0,Transient-Party,E,1,1,0
75434,PRT,Online TA,0,0,No Deposit,0,Transient,E,2,1,0
2365,PRT,Online TA,0,0,No Deposit,0,Transient,F,1,1,0
3515,PRT,Corporate,3,0,No Deposit,0,Transient,A,0,1,0
13763,ITA,Online TA,0,5,No Deposit,0,Transient-Party,F,0,1,0
5888,GBR,Groups,0,3,No Deposit,0,Transient-Party,A,1,0,0
2310,ESP,Online TA,0,2,No Deposit,0,Transient,C,0,0,1
64028,PRT,Direct,3,0,No Deposit,0,Transient,A,0,3,1
46223,GBR,Online TA,0,10,No Deposit,0,Transient,A,0,3,0
26707,PRT,Direct,0,1,No Deposit,0,Transient,E,1,4,0
732,NLD,Online TA,0,2,No Deposit,0,Transient,D,1,0,0
52840,FRA,Offline TA/TO,0,1,No Deposit,108,Transient-Party,A,0,0,0
39477,PRT,Groups,0,0,Non Refund,11,Transient,A,0,0,1
48679,PRT,Direct,0,0,No Deposit,0,Transient,F,1,4,0
51385,PRT,Groups,0,2,No Deposit,49,Transient-Party,A,0,0,0
2814,PRT,Offline TA/TO,0,0,No Deposit,56,Transient-Party,A,0,0,0
23109,AUT,Groups,0,1,Refundable,53,Transient-Party,A,0,0,0
10752,GBR,Online TA,0,1,No Deposit,0,Group,D,0,0,0
3806,FRA,Offline TA/TO,0,1,No Deposit,43,Transient-Party,A,0,2,0
1763,NOR,Online TA,0,5,No Deposit,0,Transient,G,0,0,1
11457,PRT,Corporate,2,1,No Deposit,0,Transient,A,0,0,1
20987,AUS,Corporate,0,3,No Deposit,0,Group,E,0,0,0
1804,PRT,Online TA,0,2,No Deposit,0,Transient,E,0,1,1
3192,PRT,Offline TA/TO,0,0,Non Refund,16,Transient,A,0,0,1
66774,PRT,Groups,0,3,No Deposit,122,Transient-Party,A,0,0,0
53328,DEU,Online TA,0,1,No Deposit,0,Transient-Party,A,0,5,0
16475,ITA,Online TA,0,4,No Deposit,0,Transient,D,0,1,1
17296,PRT,Online TA,0,1,No Deposit,0,Contract,B,0,1,1
979,PRT,Direct,0,0,No Deposit,0,Transient,G,0,1,0
79944,DEU,Groups,0,2,No Deposit,0,Contract,C,0,0,0
43966,ESP,Online TA,0,2,No Deposit,0,Transient,G,1,2,0
31068,DEU,Online TA,0,3,No Deposit,0,Transient,B,0,2,0
52593,GBR,Online TA,0,4,No Deposit,0,Transient-Party,A,0,3,0
2806,PRT,Online TA,0,4,No Deposit,0,Transient-Party,D,0,1,0
10575,GBR,Offline TA/TO,0,0,No Deposit,0,Contract,E,1,1,0
41523,PRT,Groups,0,0,Non Refund,22,Transient,A,0,0,1
238,ITA,Online TA,0,0,No Deposit,0,Transient,F,0,2,0
3305,PRT,Groups,0,0,Non Refund,93,Transient,A,0,0,1
57468,PRT,Online TA,0,0,No Deposit,0,Contract,F,1,3,0
13159,PRT,Online TA,0,4,No Deposit,0,Transient,A,1,1,0
44554,EGY,Offline TA/TO,0,7,No Deposit,63,Transient-Party,A,0,0,0
11873,IRL,Online TA,0,5,No Deposit,0,Transient-Party,E,0,0,1
54464,PRT,Online TA,1,1,No Deposit,0,Contract,A,0,3,1
23997,POL,Offline TA/TO,0,2,No Deposit,0,Contract,D,1,0,0
32702,PRT,Offline TA/TO,1,2,No Deposit,0,Group,A,0,2,1
2497,GBR,Groups,0,0,No Deposit,8,Transient-Party,A,0,0,0
28584,PRT,Groups,0,3,No Deposit,59,Transient-Party,A,0,3,0
969,PRT,Online TA,0,0,No Deposit,0,Transient,E,1,2,0
46256,PRT,Corporate,0,2,No Deposit,0,Group,A,1,0,0
8145,GBR,Offline TA/TO,0,1,No Deposit,0,Contract,A,1,0,0
1584,PRT,Groups,0,1,No Deposit,87,Transient-Party,A,0,0,0
20249,DEU,Offline TA/TO,0,1,No Deposit,63,Transient-Party,A,0,1,0
2694,POL,Online TA,0,3,No Deposit,0,Transient,F,0,1,0
75226,PRT,Online TA,0,0,No Deposit,0,Transient,D,1,4,0
73622,IRL,Offline TA/TO,0,2,No Deposit,0,Contract,A,0,3,0
1401,PRT,Offline TA/TO,0,0,No Deposit,48,Transient-Party,A,0,0,1
6021,PRT,Offline TA/TO,0,1,No Deposit,1,Transient,E,1,0,0
79741,PRT,Offline TA/TO,0,2,No Deposit,59,Transient-Party,A,0,0,0
51469,POL,Online TA,0,0,No Deposit,0,Transient-Party,H,0,0,1
82408,PRT,Complementary,1,0,No Deposit,0,Transient,A,1,3,0
30022,PRT,Online TA,1,0,No Deposit,0,Contract,F,0,2,1
24630,PRT,Groups,1,2,Non Refund,0,Transient,A,0,0,1
55071,ESP,Online TA,0,4,No Deposit,0,Transient,B,1,2,0
62788,POL,Corporate,0,7,No Deposit,0,Transient-Party,A,0,1,0
269,PRT,Direct,0,3,No Deposit,0,Transient,D,1,1,0
38501,PRT,Direct,0,1,No Deposit,0,Transient-Party,E,0,4,0
70121,PRT,Offline TA/TO,0,0,No Deposit,98,Transient-Party,A,0,1,0
7711,ITA,Direct,0,0,No Deposit,10,Transient-Party,D,0,0,0
34346,PRT,Direct,0,0,No Deposit,0,Transient,A,2,0,0
28642,PRT,Groups,0,6,No Deposit,0,Transient-Party,E,0,2,0
4827,GBR,Groups,0,0,No Deposit,0,Transient-Party,E,0,3,0
92,GBR,Offline TA/TO,0,0,No Deposit,0,Contract,A,0,1,0
1630,FRA,Direct,0,1,No Deposit,0,Transient,E,1,0,0
63576,PRT,Groups,0,0,Non Refund,28,Transient,A,0,0,1
68559,DEU,Online TA,0,4,No Deposit,0,Transient,E,0,3,0
17771,PRT,Direct,0,2,No Deposit,0,Transient,B,0,1,0
47725,DEU,Offline TA/TO,0,1,No Deposit,223,Transient-Party,A,0,0,0
3217,BRA,Corporate,0,1,No Deposit,15,Transient-Party,A,0,0,0
24857,ESP,Online TA,0,0,No Deposit,0,Transient-Party,G,1,0,0
7441,GBR,Online TA,0,5,No Deposit,0,Transient,A,0,0,1
82,PRT,Online TA,0,0,No Deposit,0,Transient,G,0,0,0
13032,FRA,Offline TA/TO,0,0,No Deposit,68,Transient-Party,A,0,1,0
37,DEU,Online TA,0,0,No Deposit,0,Transient-Party,A,0,2,0
66841,PRT,Groups,0,1,No Deposit,46,Transient-Party,A,0,0,0
65012,FRA,Groups,0,0,No Deposit,105,Transient-Party,A,0,0,0
79193,PRT,Offline TA/TO,0,2,No Deposit,0,Transient,B,0,4,0
58012,BEL,Online TA,0,2,No Deposit,0,Transient-Party,E,0,3,0
76537,PRT,Offline TA/TO,1,0,No Deposit,0,Group,A,0,1,1
24359,GBR,Online TA,0,0,No Deposit,0,Transient-Party,B,0,2,0
59634,PRT,Online TA,1,1,No Deposit,0,Contract,A,0,0,1
4531,PRT,Groups,1,0,Non Refund,40,Transient,A,0,0,1
3463,PRT,Groups,1,0,Non Refund,45,Transient,A,0,0,1
3141,ARG,Corporate,0,0,No Deposit,15,Transient-Party,A,0,0,0
57003,PRT,Corporate,1,1,No Deposit,0,Transient,A,1,4,0
160,USA,Online TA,0,1,No Deposit,0,Transient-Party,G,1,2,0
10468,PRT,Groups,0,0,No Deposit,174,Transient-Party,A,0,0,1
64,PRT,Groups,0,2,No Deposit,87,Transient-Party,A,0,0,0
57631,PRT,Corporate,1,4,No Deposit,0,Transient,A,0,0,0
55288,FRA,Direct,0,0,No Deposit,0,Transient-Party,D,1,3,0
44208,BEL,Online TA,0,3,No Deposit,0,Transient-Party,F,0,3,1
2477,DEU,Direct,0,0,No Deposit,0,Transient-Party,E,0,1,0
12639,ESP,Offline TA/TO,0,2,No Deposit,0,Group,A,1,1,0
2610,PRT,Offline TA/TO,0,2,No Deposit,0,Transient,C,1,0,0
44436,GBR,Online TA,0,12,No Deposit,0,Transient,A,0,2,0
18871,GBR,Online TA,0,5,No Deposit,0,Transient,A,0,3,0
54542,PRT,Offline TA/TO,2,1,No Deposit,0,Transient-Party,D,0,3,0
4021,PRT,Direct,0,3,No Deposit,0,Transient,C,0,3,0
1933,PRT,Offline TA/TO,1,0,Non Refund,28,Transient,A,0,0,1
5911,PRT,Direct,1,1,No Deposit,0,Transient,E,1,4,0
1,FRA,Online TA,0,0,No Deposit,0,Transient,A,0,2,0
50277,FRA,Offline TA/TO,0,0,No Deposit,69,Transient-Party,A,0,1,0
42656,IRL,Online TA,0,3,No Deposit,0,Transient,H,0,1,0
2681,PRT,Online TA,1,0,No Deposit,0,Contract,A,0,3,1
80057,PRT,Direct,0,0,No Deposit,0,Transient,E,2,3,0
3881,ITA,Online TA,0,3,No Deposit,0,Transient,A,0,1,0
921,AGO,Online TA,0,2,No Deposit,0,Transient,F,0,2,0
11642,DEU,Direct,0,0,No Deposit,107,Transient-Party,E,0,1,0
1555,GBR,Online TA,0,1,No Deposit,0,Contract,A,0,2,0
5190,BRA,Online TA,0,1,No Deposit,0,Transient-Party,E,0,1,0
41500,DEU,Offline TA/TO,0,1,No Deposit,80,Transient-Party,A,0,0,0
68063,PRT,Online TA,0,2,No Deposit,0,Contract,F,0,3,0
835,PRT,Direct,0,1,No Deposit,0,Group,E,0,0,0
1467,ESP,Online TA,0,0,No Deposit,0,Transient,D,2,2,0
28729,ESP,Direct,0,2,No Deposit,0,Transient,F,1,1,0
68589,DEU,Online TA,0,5,No Deposit,0,Transient-Party,A,0,2,1
1258,ISR,Groups,0,0,No Deposit,0,Group,A,0,0,0
5077,AUT,Online TA,0,1,No Deposit,0,Transient,F,0,4,0
101,CHN,Online TA,0,0,No Deposit,0,Transient,G,1,3,0
63,FRA,Groups,0,0,No Deposit,0,Transient-Party,A,0,1,0
42666,GBR,Online TA,0,0,No Deposit,0,Transient-Party,G,1,3,0
5848,ITA,Offline TA/TO,0,0,No Deposit,44,Transient-Party,A,0,1,0
514,CHE,Online TA,0,1,No Deposit,0,Transient,B,0,3,0
9258,BRA,Direct,0,0,No Deposit,0,Transient-Party,A,0,4,0
0,IRL,Offline TA/TO,0,0,No Deposit,0,Transient-Party,A,0,0,0
2871,ITA,Offline TA/TO,0,1,No Deposit,77,Transient-Party,A,0,0,0
5647,PRT,Offline TA/TO,0,0,Non Refund,34,Transient,A,0,0,1
896,IRL,Direct,0,1,No Deposit,0,Transient,G,0,0,0
1573,IRL,Online TA,0,0,No Deposit,0,Transient,B,0,3,1
28605,DEU,Corporate,0,6,No Deposit,0,Transient-Party,A,0,1,0
58996,PRT,Online TA,0,3,No Deposit,0,Transient,G,2,0,0
1827,PRT,Corporate,0,0,No Deposit,0,Transient-Party,A,1,0,0
22463,MYS,Online TA,0,2,No Deposit,0,Transient,H,0,2,0
17211,PRT,Complementary,4,0,No Deposit,0,Transient,G,0,1,0
81522,GBR,Online TA,0,3,No Deposit,0,Transient,B,0,0,0
8162,PRT,Offline TA/TO,0,0,No Deposit,3,Transient-Party,A,0,0,1
227,FRA,Online TA,0,2,No Deposit,0,Transient,D,0,1,1
12951,PRT,Offline TA/TO,0,0,Non Refund,30,Transient,A,0,0,1
34320,PRT,Offline TA/TO,1,3,No Deposit,0,Contract,C,0,2,1
2149,FRA,Online TA,0,0,No Deposit,0,Transient-Party,A,1,3,0
78,FRA,Online TA,0,5,No Deposit,0,Transient,D,0,1,0
50299,GBR,Offline TA/TO,0,2,No Deposit,0,Contract,D,0,0,0
564,PRT,Direct,1,0,No Deposit,0,Transient,B,0,0,1
12,PRT,Groups,1,0,Non Refund,0,Transient,A,0,0,1
18479,PRT,Corporate,4,0,No Deposit,0,Transient,A,0,0,0
22331,FRA,Offline TA/TO,0,0,No Deposit,27,Transient-Party,A,0,0,0
2398,PRT,Online TA,1,1,No Deposit,0,Contract,D,0,1,1
1708,NOR,Direct,0,1,No Deposit,0,Transient-Party,A,1,2,0
71407,GBR,Groups,0,1,No Deposit,6,Transient-Party,D,0,0,0
1053,PRT,Complementary,0,0,No Deposit,0,Transient,G,1,2,0
66208,PRT,Offline TA/TO,2,1,No Deposit,0,Group,A,0,0,0
26004,PRT,Groups,0,3,No Deposit,87,Transient-Party,A,0,1,0
1295,ESP,Online TA,0,0,No Deposit,0,Transient-Party,D,0,2,1
56755,PRT,Offline TA/TO,0,0,Non Refund,33,Transient,A,0,0,1
11348,PRT,Online TA,0,8,No Deposit,0,Transient-Party,D,1,4,0
36063,ESP,Online TA,11,1,No Deposit,0,Transient,D,0,2,0
5022,FRA,Online TA,0,0,No Deposit,0,Transient,F,0,3,0
18622,PRT,Groups,1,0,Non Refund,21,Transient,A,0,0,1
12883,HRV,Groups,0,0,No Deposit,13,Transient-Party,A,0,0,0
35267,PRT,Online TA,1,1,No Deposit,0,Transient-Party,A,0,1,1
3045,PRT,Corporate,6,0,No Deposit,0,Transient,A,0,2,0
13831,PRT,Offline TA/TO,0,0,Non Refund,80,Transient,A,0,0,1
279,PRT,Online TA,0,0,No Deposit,0,Transient,A,1,3,0
63044,PRT,Corporate,1,0,No Deposit,0,Transient,D,1,1,0
46296,PRT,Online TA,0,3,No Deposit,0,Transient,A,2,3,0
67294,GBR,Direct,0,0,No Deposit,0,Transient-Party,G,2,0,0
14834,PRT,Online TA,0,2,No Deposit,0,Transient,F,1,2,0
29386,USA,Groups,0,0,No Deposit,96,Transient-Party,A,0,0,0
76910,PRT,Offline TA/TO,0,0,Non Refund,53,Transient,A,0,0,1
205,PRT,Groups,1,0,Non Refund,0,Transient-Party,A,0,0,1
29844,GBR,Groups,0,2,No Deposit,125,Group,E,0,0,0
4140,PRT,Offline TA/TO,0,1,No Deposit,0,Transient-Party,A,1,1,0
12230,ESP,Online TA,0,0,No Deposit,0,Contract,B,1,0,0
4037,PRT,Online TA,1,1,No Deposit,0,Transient-Party,A,0,0,1
19696,PRT,Groups,0,0,Non Refund,5,Transient,A,0,0,1
5658,PRT,Corporate,1,0,No Deposit,0,Transient,E,0,0,0
18434,PRT,Offline TA/TO,0,0,Non Refund,8,Transient,A,0,0,1
31703,PRT,Groups,0,0,Non Refund,38,Transient,A,0,0,1
33949,PRT,Direct,0,3,No Deposit,0,Transient-Party,A,1,2,0
43385,PRT,Corporate,3,0,No Deposit,0,Transient,E,0,0,1
1329,PRT,Groups,0,0,No Deposit,113,Transient-Party,E,0,1,0
3067,TUR,Online TA,0,1,No Deposit,0,Transient-Party,B,0,0,1
335,ITA,Direct,0,1,No Deposit,0,Transient,E,1,2,0
6971,PRT,Online TA,0,7,No Deposit,0,Contract,A,0,2,0
16868,PRT,Groups,0,0,Non Refund,10,Transient,A,0,0,1
11091,ESP,Online TA,0,2,No Deposit,0,Transient,H,1,0,0
67686,PRT,Complementary,3,0,No Deposit,0,Transient,F,0,1,0
80030,PRT,Online TA,11,1,No Deposit,0,Transient,A,1,0,0
28694,USA,Direct,0,3,No Deposit,0,Transient,G,1,0,0
25421,PRT,Direct,0,5,No Deposit,0,Transient,D,1,0,0
39611,PRT,Corporate,0,1,No Deposit,0,Group,G,0,0,1
5981,PRT,Online TA,1,1,No Deposit,0,Transient,A,0,1,1
45703,GBR,Corporate,0,2,No Deposit,0,Group,A,0,1,0
57575,PRT,Offline TA/TO,0,0,Non Refund,12,Transient,A,0,0,1
8602,PRT,Online TA,0,2,No Deposit,0,Transient,G,0,0,0
14142,NLD,Online TA,0,0,No Deposit,0,Contract,B,0,0,0
64710,PRT,Groups,0,2,No Deposit,121,Transient-Party,A,0,1,0
590,PRT,Corporate,2,0,No Deposit,0,Transient,A,1,2,0
3764,PRT,Direct,0,0,No Deposit,0,Transient,L,0,0,0
19014,CHE,Direct,0,4,No Deposit,0,Transient,G,1,1,0
81367,PRT,Online TA,2,1,No Deposit,0,Transient,A,0,4,1
65949,PRT,Online TA,0,0,No Deposit,0,Transient-Party,C,0,3,1
5892,PRT,Offline TA/TO,1,0,No Deposit,0,Transient,C,0,0,1
17819,PRT,Groups,0,1,No Deposit,2,Transient-Party,A,0,0,0
12463,PRT,Online TA,0,1,No Deposit,0,Transient-Party,H,0,2,0
60133,PRT,Online TA,1,0,No Deposit,0,Transient-Party,B,0,0,1
63408,DEU,Online TA,0,1,No Deposit,0,Transient-Party,B,1,0,0
41335,PRT,Online TA,0,0,No Deposit,0,Transient,A,1,4,0
55869,ESP,Offline TA/TO,0,7,No Deposit,0,Transient,D,0,0,0
35420,ITA,Offline TA/TO,0,1,No Deposit,65,Transient-Party,A,0,0,0
14411,AUT,Offline TA/TO,0,0,No Deposit,99,Transient-Party,A,0,0,0
24290,GBR,Online TA,0,4,No Deposit,0,Transient-Party,G,0,0,0
33363,ESP,Online TA,0,1,No Deposit,0,Transient,B,0,4,0
10786,AUT,Online TA,0,1,No Deposit,0,Transient-Party,G,0,2,0
26942,DEU,Offline TA/TO,0,0,No Deposit,224,Transient-Party,A,0,0,0
83134,PRT,Direct,1,1,No Deposit,0,Transient,F,0,2,0
81378,DEU,Direct,0,1,No Deposit,93,Transient-Party,D,1,0,0
52395,PRT,Direct,0,0,No Deposit,0,Group,F,1,1,0
825,PRT,Groups,1,0,Non Refund,17,Transient,A,0,0,1
41452,DEU,Groups,0,1,No Deposit,11,Transient-Party,A,0,0,0
21719,FRA,Groups,0,0,No Deposit,25,Transient-Party,A,0,0,0
444,PRT,Online TA,0,1,No Deposit,0,Transient-Party,A,1,0,0
6345,PRT,Offline TA/TO,0,1,No Deposit,4,Transient-Party,A,0,0,0
822,PRT,Offline TA/TO,0,1,No Deposit,0,Transient-Party,H,0,0,0
32110,ROU,Online TA,0,3,No Deposit,0,Transient,E,0,3,0
18709,PRT,Direct,0,0,No Deposit,0,Group,A,1,1,0
23,PRT,Offline TA/TO,0,0,Non Refund,39,Transient,A,0,0,1
29189,PRT,Direct,0,3,No Deposit,0,Transient,F,0,2,0
15294,PRT,Corporate,2,1,No Deposit,0,Transient,A,1,0,0
3232,ISR,Direct,0,0,No Deposit,0,Transient-Party,B,1,0,0
58768,PRT,Corporate,2,1,No Deposit,0,Transient,A,1,2,0
54419,FRA,Groups,0,1,No Deposit,61,Transient-Party,A,0,0,0
41806,ESP,Online TA,0,0,No Deposit,0,Transient,G,0,4,0
2306,BRA,Direct,1,1,No Deposit,0,Transient-Party,B,0,1,1
54489,PRT,Offline TA/TO,0,1,No Deposit,0,Contract,C,0,0,1
39665,PRT,Corporate,1,0,No Deposit,0,Transient-Party,A,1,1,0
6007,GBR,Online TA,0,1,No Deposit,0,Transient,H,0,1,0
336,IRL,Online TA,0,1,No Deposit,0,Transient,D,1,1,0
17,BEL,Online TA,0,1,No Deposit,0,Transient,A,0,1,0
9497,PRT,Corporate,1,1,No Deposit,0,Transient,A,1,1,0
781,POL,Online TA,0,0,No Deposit,0,Transient,G,0,3,0
48141,ESP,Online TA,1,6,No Deposit,0,Transient,A,0,2,1
6466,PRT,Offline TA/TO,0,0,No Deposit,63,Transient-Party,A,0,0,1
4278,GBR,Online TA,0,2,No Deposit,0,Transient,E,0,3,1
18172,PRT,Direct,0,3,No Deposit,0,Transient,D,1,2,0
6648,PRT,Online TA,0,2,No Deposit,0,Transient,G,0,1,1
68080,GBR,Corporate,0,6,No Deposit,8,Transient-Party,A,0,0,0
42994,GBR,Corporate,0,0,No Deposit,1,Transient-Party,A,0,0,0
63188,PRT,Direct,2,0,No Deposit,0,Transient-Party,B,0,1,1
74973,PRT,Direct,0,2,No Deposit,0,Transient,D,1,3,0
165,DEU,Groups,0,0,No Deposit,0,Transient-Party,D,0,0,0
25242,PRT,Offline TA/TO,1,2,No Deposit,0,Transient-Party,A,0,0,1
2381,PRT,Online TA,0,1,No Deposit,0,Transient,G,0,2,1
469,PRT,Online TA,0,0,No Deposit,0,Transient,D,0,3,1
27893,PRT,Corporate,4,0,No Deposit,0,Transient,A,1,0,0
53443,PRT,Online TA,0,2,No Deposit,0,Transient,H,1,3,0
1720,PRT,Offline TA/TO,0,0,Non Refund,160,Transient,A,0,0,1
15,LUX,Direct,0,0,No Deposit,0,Transient,D,1,0,0
16423,RUS,Direct,0,0,No Deposit,0,Group,A,0,4,0
24872,NLD,Direct,0,2,No Deposit,5,Transient-Party,A,0,0,0
17169,FRA,Online TA,0,1,No Deposit,0,Transient,G,1,2,0
47165,PRT,Online TA,1,0,No Deposit,0,Transient,C,0,1,1
12105,PRT,Groups,0,3,No Deposit,0,Transient-Party,E,0,1,0
21979,AUT,Direct,0,1,No Deposit,122,Transient-Party,E,8,0,0
1406,PRT,Direct,0,1,No Deposit,0,Transient,A,1,3,0
2011,GBR,Offline TA/TO,0,2,No Deposit,0,Contract,A,0,0,0
71233,FRA,Groups,0,1,No Deposit,14,Transient-Party,A,0,0,0
14792,PRT,Direct,0,2,No Deposit,0,Transient,C,1,1,0
38635,PRT,Groups,0,2,No Deposit,0,Transient,B,0,2,1
29366,PRT,Direct,1,1,No Deposit,0,Transient,E,1,1,0
23518,FRA,Online TA,0,2,No Deposit,0,Transient,D,0,4,0
31351,ITA,Direct,0,1,No Deposit,0,Transient,G,0,4,0
31818,IRL,Online TA,0,8,No Deposit,0,Transient,D,0,1,1
54793,PRT,Groups,0,1,Non Refund,71,Transient,A,0,0,1
46020,PRT,Corporate,3,1,No Deposit,0,Transient,A,0,0,0
3762,PRT,Complementary,1,1,No Deposit,0,Transient,A,0,2,0
41132,SWE,Groups,0,0,No Deposit,14,Transient-Party,G,0,1,0
25111,PRT,Online TA,1,1,No Deposit,0,Transient-Party,G,0,1,1
20618,PRT,Online TA,1,1,No Deposit,0,Contract,F,0,1,1
3831,FRA,Online TA,0,0,No Deposit,0,Transient-Party,G,0,0,0
57533,PRT,Direct,0,0,No Deposit,0,Group,G,1,1,0
9093,ESP,Online TA,0,2,No Deposit,0,Transient-Party,B,0,0,0
26251,PRT,Direct,0,1,No Deposit,0,Transient-Party,B,1,1,0
3,NLD,Online TA,0,0,No Deposit,0,Transient,A,0,1,1
1111,AUT,Groups,0,3,No Deposit,0,Transient-Party,E,0,0,0
31671,PRT,Corporate,5,0,No Deposit,0,Transient,A,0,2,0
15501,GBR,Groups,0,4,No Deposit,0,Transient-Party,A,2,0,0
744,FRA,Groups,0,0,No Deposit,259,Transient-Party,A,0,0,0
191,PRT,Groups,0,0,No Deposit,97,Transient-Party,A,0,1,0
137,ITA,Online TA,0,2,No Deposit,0,Transient,A,0,0,0
837,ESP,Online TA,0,0,No Deposit,0,Transient,H,0,0,0
68611,PRT,Direct,1,1,No Deposit,0,Transient,E,0,2,0
12481,FRA,Online TA,0,2,No Deposit,0,Transient,F,0,3,0
82109,PRT,Corporate,2,2,No Deposit,0,Transient,A,0,1,1
943,GBR,Groups,0,4,No Deposit,0,Transient-Party,A,1,0,0
23824,FRA,Direct,0,1,No Deposit,0,Group,E,0,1,0
51378,IRL,Online TA,0,16,No Deposit,0,Transient,A,0,1,1
19071,PRT,Complementary,0,3,No Deposit,0,Transient-Party,E,0,3,0
8313,GBR,Online TA,0,0,No Deposit,0,Transient-Party,E,1,2,0
479,PRT,Groups,0,0,Non Refund,31,Transient,A,0,0,1
379,AUT,Online TA,0,1,No Deposit,0,Transient,A,0,3,0
2480,PRT,Offline TA/TO,1,0,No Deposit,0,Group,A,0,0,0
5142,DEU,Online TA,0,3,No Deposit,0,Transient-Party,A,0,2,1
9709,FRA,Online TA,0,4,No Deposit,0,Transient,A,0,3,0
74541,PRT,Offline TA/TO,0,0,No Deposit,4,Transient-Party,A,1,0,0
53620,GBR,Online TA,0,1,No Deposit,0,Transient-Party,D,0,4,0
6996,BRA,Online TA,0,0,No Deposit,0,Group,D,0,2,0
14416,IRL,Groups,0,2,No Deposit,61,Transient-Party,A,0,0,0
18186,GBR,Groups,0,2,No Deposit,0,Transient-Party,C,1,0,0
6349,PRT,Groups,1,0,Non Refund,41,Transient,A,0,0,1
2640,PRT,Offline TA/TO,0,0,No Deposit,187,Transient-Party,A,0,0,0
12031,GBR,Online TA,0,1,No Deposit,0,Contract,A,0,4,0
22807,PRT,Corporate,3,0,No Deposit,0,Transient,A,1,0,0
17385,USA,Offline TA/TO,0,0,No Deposit,0,Transient-Party,F,0,1,0
10016,AUT,Corporate,0,2,No Deposit,0,Transient-Party,E,1,0,0
694,PRT,Online TA,0,1,No Deposit,0,Transient,F,0,2,0
8,UMI,Online TA,0,0,No Deposit,0,Transient,E,0,1,1
5297,PRT,Groups,0,2,No Deposit,28,Transient-Party,A,0,0,0
2825,PRT,Direct,0,2,No Deposit,0,Transient,B,0,0,0
10742,FRA,Offline TA/TO,0,0,No Deposit,108,Transient-Party,A,0,1,0
61002,PRT,Complementary,2,0,No Deposit,0,Transient-Party,A,0,3,0
5483,PRT,Direct,0,3,No Deposit,0,Transient,E,1,3,0
25995,PRT,Direct,0,0,No Deposit,0,Transient-Party,C,0,2,0
769,ESP,Online TA,0,1,No Deposit,0,Transient,D,1,3,0
2965,PRT,Groups,0,0,Non Refund,98,Transient,A,0,0,1
16760,PRT,Offline TA/TO,1,0,No Deposit,0,Transient-Party,B,0,2,1
41386,CN,Online TA,0,5,No Deposit,0,Transient,E,0,0,0
26965,PRT,Offline TA/TO,0,0,Non Refund,27,Transient,A,0,0,1
68404,GBR,Online TA,0,3,No Deposit,0,Transient,F,0,3,0
261,ITA,Online TA,0,0,No Deposit,0,Contract,D,0,1,0
6210,,Direct,0,2,No Deposit,0,Transient,E,1,1,0
29036,PRT,Online TA,1,0,No Deposit,0,Transient,G,0,3,1
73987,PRT,Online TA,4,0,No Deposit,0,Transient,A,0,5,0
2207,PRT,Offline TA/TO,1,0,Non Refund,42,Transient,A,0,0,1
11842,PRT,Corporate,1,0,No Deposit,0,Transient,D,0,2,0
31680,ESP,Online TA,0,3,No Deposit,0,Transient,A,1,2,0
4921,PRT,Online TA,0,3,No Deposit,0,Transient,D,1,3,0
1914,FRA,Direct,0,0,No Deposit,0,Transient,B,0,0,0
47929,FRA,Online TA,0,1,No Deposit,0,Transient-Party,F,1,0,0
2029,PRT,Groups,0,1,No Deposit,34,Transient-Party,A,0,0,1
118,FRA,Online TA,0,1,No Deposit,0,Transient,E,1,3,0
16631,CHE,Direct,0,7,No Deposit,0,Transient,F,1,0,0
18989,PRT,Direct,0,4,No Deposit,0,Transient,D,1,1,0
1182,PRT,Offline TA/TO,1,0,Non Refund,44,Transient,A,0,0,1
22348,ESP,Direct,0,1,No Deposit,0,Transient-Party,F,0,0,1
2,PRT,Online TA,0,1,No Deposit,0,Transient,A,0,2,0
43921,ESP,Online TA,0,5,No Deposit,0,Transient-Party,E,0,2,0
36895,ESP,Online TA,0,0,No Deposit,0,Transient-Party,D,0,4,0
4017,PRT,Online TA,0,1,No Deposit,0,Transient,G,1,0,0
2573,IRL,Direct,0,0,No Deposit,0,Transient-Party,F,0,2,0
3551,GBR,Direct,0,2,No Deposit,0,Transient,A,1,0,0
63897,ITA,Offline TA/TO,0,1,No Deposit,44,Group,A,0,0,0
18314,GBR,Groups,0,5,No Deposit,0,Transient-Party,A,0,1,0
26256,CHE,Direct,0,1,No Deposit,0,Transient,C,1,1,0
1618,PRT,Groups,24,0,Non Refund,0,Transient,A,0,0,1
44683,PRT,Direct,0,1,No Deposit,0,Transient,C,0,3,0
1410,USA,Online TA,0,1,No Deposit,0,Transient,E,0,4,0
3040,PRT,Offline TA/TO,0,0,Non Refund,101,Transient,A,0,0,1
41462,PRT,Groups,0,0,No Deposit,87,Transient-Party,A,0,1,0
4,PRT,Online TA,0,2,No Deposit,0,Transient,A,0,2,0
3324,FRA,Online TA,0,1,No Deposit,0,Contract,F,1,0,0
16431,ESP,Aviation,2,0,No Deposit,0,Transient,D,0,0,0
34412,USA,Direct,0,4,No Deposit,0,Transient,E,0,0,0
17528,ESP,Online TA,0,0,No Deposit,0,Transient-Party,G,0,1,0
5045,GBR,Direct,0,3,No Deposit,0,Transient,F,0,0,0
5277,PRT,Groups,0,0,No Deposit,87,Transient-Party,A,0,0,0
42126,PRT,Online TA,0,2,No Deposit,0,Transient-Party,D,0,3,0
1588,IRL,Direct,0,1,No Deposit,0,Transient-Party,F,0,1,0
3145,PRT,Online TA,0,1,No Deposit,0,Transient,C,0,1,0
41969,PRT,Online TA,2,0,No Deposit,0,Transient,G,0,2,1
6043,ESP,Direct,0,3,No Deposit,0,Transient-Party,A,1,1,0
2928,GBR,Groups,0,0,No Deposit,0,Transient-Party,E,0,2,0
27760,GBR,Direct,0,2,No Deposit,0,Transient-Party,F,1,1,0
78077,PRT,Groups,0,0,Non Refund,113,Transient,A,0,0,1
55667,PRT,Online TA,0,0,No Deposit,0,Transient-Party,G,1,1,0
3401,ESP,Online TA,0,1,No Deposit,0,Transient,A,1,2,0
58955,RUS,Direct,0,3,No Deposit,0,Transient,F,1,1,0
5185,ESP,Groups,0,0,No Deposit,47,Transient-Party,A,0,0,0
234,CHN,Online TA,0,0,No Deposit,0,Transient-Party,A,0,3,0
8788,ARG,Online TA,0,1,No Deposit,0,Transient-Party,C,1,0,0
13968,PRT,Offline TA/TO,0,0,Non Refund,120,Transient,A,0,0,1
3916,DEU,Offline TA/TO,0,0,No Deposit,178,Transient-Party,A,0,0,0
46479,GBR,Complementary,0,7,No Deposit,0,Transient,F,0,1,0
25036,ESP,Groups,0,0,No Deposit,83,Transient-Party,A,0,0,0
7242,ESP,Online TA,0,0,No Deposit,0,Transient-Party,E,0,4,0
17689,GBR,Offline TA/TO,0,0,No Deposit,0,Contract,E,0,3,0
58902,PRT,Online TA,2,0,No Deposit,0,Transient,D,0,2,1
79879,PRT,Direct,3,1,No Deposit,0,Transient,E,0,2,1
40190,JPN,Online TA,0,0,No Deposit,0,Contract,F,1,1,0
9934,PRT,Offline TA/TO,0,0,Non Refund,50,Transient,A,0,0,1
44393,ESP,Online TA,0,3,No Deposit,0,Transient-Party,B,0,0,1
4985,BEL,Online TA,0,1,No Deposit,0,Contract,F,0,1,0
3638,FRA,Offline TA/TO,0,0,No Deposit,17,Transient-Party,A,0,0,0
9495,FIN,Direct,0,2,No Deposit,0,Transient,E,1,0,0
43,PRT,Online TA,0,0,No Deposit,0,Transient,A,1,2,0
20981,PRT,Groups,1,0,Non Refund,9,Transient,A,0,0,1
15276,PRT,Online TA,1,0,No Deposit,0,Transient-Party,E,0,1,1
28763,GBR,Groups,0,3,No Deposit,0,Transient-Party,C,0,0,0
441,PRT,Offline TA/TO,0,0,Non Refund,79,Transient,A,0,0,1
5369,COL,Direct,0,2,No Deposit,0,Transient-Party,B,0,2,0
785,PRT,Offline TA/TO,0,0,No Deposit,0,Transient-Party,B,0,0,0
294,PRT,Direct,0,1,No Deposit,0,Transient,D,1,0,0
22160,LVA,Online TA,0,1,No Deposit,0,Contract,A,0,3,0
35802,AUT,Direct,0,1,No Deposit,0,Transient-Party,E,8,1,0
8953,ARG,Online TA,0,0,No Deposit,0,Group,E,0,3,0
50107,PRT,Corporate,2,2,No Deposit,0,Transient,A,0,0,0
20086,PRT,Direct,1,0,No Deposit,0,Transient,F,0,1,1
60,GBR,Groups,0,1,No Deposit,0,Transient-Party,D,0,0,0
4513,PRT,Offline TA/TO,26,0,Non Refund,0,Transient,A,0,0,1
10005,PRT,Online TA,0,3,No Deposit,0,Transient,G,0,0,0
387,FRA,Online TA,0,1,No Deposit,0,Transient,D,0,2,0
52850,GBR,Corporate,0,2,No Deposit,20,Transient-Party,A,0,0,0
12394,FRA,Offline TA/TO,0,0,No Deposit,69,Transient-Party,A,0,0,0
141,PRT,Online TA,0,2,No Deposit,0,Transient,A,0,1,1
890,CHE,Online TA,0,2,No Deposit,0,Transient,D,0,0,1
11801,GBR,Online TA,0,5,No Deposit,0,Transient,A,0,1,0
53271,PRT,Online TA,1,1,No Deposit,0,Transient-Party,A,0,2,1
48841,PRT,Direct,0,2,No Deposit,0,Transient,E,1,4,0
18954,PRT,Groups,0,0,No Deposit,125,Transient-Party,E,0,0,1
4276,BRA,Online TA,0,1,No Deposit,0,Contract,B,1,2,0
77154,PRT,Direct,0,4,No Deposit,0,Transient,C,0,2,0
5526,PRT,Groups,0,0,No Deposit,6,Transient-Party,A,1,0,0
1488,PRT,Offline TA/TO,0,0,Non Refund,91,Transient,A,0,0,1
16375,PRT,Offline TA/TO,0,0,Non Refund,96,Transient,A,0,0,1
3243,PRT,Online TA,0,0,No Deposit,0,Contract,F,0,0,0
11829,ESP,Online TA,0,0,No Deposit,0,Transient-Party,E,1,1,0
24279,ESP,Online TA,0,3,No Deposit,0,Transient-Party,G,0,1,1
7042,BRA,Online TA,0,0,No Deposit,0,Group,E,0,1,0
12042,ARG,Online TA,0,1,No Deposit,0,Transient-Party,C,0,0,0
47424,DEU,Direct,0,0,No Deposit,107,Transient-Party,D,1,0,0
41594,PRT,Offline TA/TO,0,0,No Deposit,31,Transient-Party,A,0,1,0
53782,USA,Groups,0,4,No Deposit,0,Transient-Party,D,0,3,0
75207,PRT,Direct,1,0,No Deposit,0,Transient,G,0,1,1
5551,PRT,Online TA,0,4,No Deposit,0,Transient,A,1,2,0
45516,GBR,Online TA,0,4,No Deposit,0,Transient-Party,B,0,0,0
13437,ESP,Direct,0,1,No Deposit,0,Transient,H,1,1,0
10663,POL,Direct,0,3,No Deposit,0,Transient,C,0,0,0
3931,GBR,Groups,0,1,No Deposit,99,Transient-Party,A,0,0,0
38087,PRT,Corporate,0,5,No Deposit,0,Transient,A,1,0,0
4507,USA,Online TA,0,0,No Deposit,0,Group,G,0,1,0
9,PRT,Groups,1,0,Non Refund,0,Contract,A,0,0,1
29608,PRT,Offline TA/TO,0,0,No Deposit,0,Contract,E,1,2,0
11941,PRT,Corporate,6,1,No Deposit,0,Transient,A,0,2,0
23829,PRT,Direct,0,2,No Deposit,0,Transient-Party,F,0,2,0
14532,ITA,Groups,0,1,No Deposit,174,Transient-Party,A,0,0,0
893,PRT,Direct,0,0,No Deposit,0,Transient,E,1,1,0
59298,IRL,Direct,0,1,No Deposit,0,Transient-Party,H,0,4,0
452,PRT,Complementary,0,2,No Deposit,0,Transient,E,1,2,0
30912,PRT,Direct,0,0,No Deposit,0,Group,C,1,0,0
34720,PRT,Groups,0,0,Non Refund,100,Transient,A,0,0,1
59347,PRT,Complementary,4,0,No Deposit,0,Transient,F,0,3,0
78881,GBR,Online TA,0,7,No Deposit,0,Transient,G,0,1,0
54003,PRT,Online TA,1,1,No Deposit,0,Transient,H,0,0,1
111,SWE,Groups,0,1,No Deposit,0,Transient,A,0,0,0
43782,BEL,Online TA,0,2,No Deposit,0,Transient,B,1,2,0
9090,GBR,Offline TA/TO,0,2,No Deposit,0,Contract,D,0,2,0
4394,BEL,Online TA,0,0,No Deposit,0,Contract,B,0,1,0
2698,PRT,Online TA,1,0,No Deposit,0,Transient,G,0,2,1
20314,ISL,Offline TA/TO,0,1,No Deposit,187,Transient-Party,A,0,0,0
54149,ESP,Direct,0,4,No Deposit,0,Transient-Party,F,0,0,0
10448,FRA,Groups,0,0,No Deposit,330,Transient-Party,A,0,0,0
72662,PRT,Online TA,0,1,No Deposit,0,Transient,G,2,2,0
80081,PRT,Groups,0,0,Non Refund,56,Transient,A,0,0,1
31937,GBR,Groups,0,0,Refundable,150,Transient-Party,E,0,0,0
5817,GBR,Online TA,0,3,No Deposit,0,Transient,E,0,2,1
31244,BEL,Online TA,0,3,No Deposit,0,Transient,B,0,1,0
304,PRT,Corporate,0,0,No Deposit,0,Transient,A,1,1,0
36155,PRT,Direct,0,0,No Deposit,0,Transient-Party,F,1,1,0
131,GBR,Offline TA/TO,0,1,No Deposit,0,Transient,E,0,0,0
41067,FRA,Online TA,0,0,No Deposit,0,Group,C,0,1,0
64690,GBR,Groups,0,0,No Deposit,43,Transient-Party,D,0,0,0
2308,ESP,Online TA,0,0,No Deposit,0,Transient,F,1,2,0
79828,PRT,Groups,0,1,Non Refund,391,Transient,A,0,0,1
2415,ITA,Offline TA/TO,0,1,No Deposit,44,Transient-Party,A,0,0,0
1433,PRT,Offline TA/TO,1,0,Non Refund,25,Transient,A,0,0,1
1435,PRT,Offline TA/TO,0,0,No Deposit,108,Transient-Party,A,0,0,1
4833,PRT,Groups,0,0,No Deposit,98,Transient-Party,A,0,0,0
41694,PRT,Groups,0,0,No Deposit,13,Transient-Party,A,0,1,0
58688,PRT,Direct,0,0,No Deposit,0,Transient,F,2,1,0
9263,ISR,Groups,0,0,No Deposit,58,Transient-Party,A,0,1,0
35351,NLD,Groups,0,9,No Deposit,0,Transient-Party,A,0,0,0
2975,PRT,Online TA,1,1,No Deposit,0,Transient,A,0,0,1
6203,ESP,Online TA,0,1,No Deposit,0,Transient,F,1,2,0
76246,PRT,Online TA,0,1,No Deposit,0,Transient-Party,G,1,1,0
76012,USA,Online TA,0,4,No Deposit,0,Transient,D,0,5,0
80211,PRT,Groups,0,4,No Deposit,14,Transient-Party,A,0,1,0
37205,ESP,Online TA,0,8,No Deposit,0,Transient,F,0,0,1
77522,GBR,Groups,0,1,No Deposit,125,Transient-Party,E,0,0,0
57614,ESP,Online TA,0,3,No Deposit,0,Transient,D,1,4,0
13592,FRA,Online TA,11,0,No Deposit,0,Transient,D,0,1,0
58935,GBR,Offline TA/TO,0,0,No Deposit,0,Contract,D,1,2,0
632,PRT,Direct,0,1,No Deposit,0,Transient,B,0,1,0
639,FIN,Online TA,0,1,No Deposit,0,Transient,H,1,3,0
9606,GBR,Online TA,0,3,No Deposit,0,Transient-Party,D,0,2,0
6173,PRT,Direct,0,2,No Deposit,0,Transient-Party,D,1,0,0
39201,PRT,Offline TA/TO,0,0,Non Refund,23,Transient,A,0,0,1
1515,PRT,Offline TA/TO,0,3,No Deposit,0,Transient-Party,D,0,1,0
46061,GBR,Offline TA/TO,0,3,No Deposit,0,Group,G,0,1,0
48070,PRT,Direct,0,0,No Deposit,0,Transient-Party,F,1,0,0
58269,PRT,Groups,0,2,Non Refund,391,Transient,A,0,0,1
36421,PRT,Direct,0,2,No Deposit,0,Transient,G,0,3,0
1342,ITA,Offline TA/TO,0,0,No Deposit,77,Transient-Party,A,0,0,0
7674,PRT,Direct,0,1,No Deposit,0,Transient-Party,C,1,2,0
2237,FRA,Offline TA/TO,0,1,No Deposit,0,Group,A,0,0,0
51043,ESP,Online TA,0,6,No Deposit,0,Transient,D,1,1,0
2603,PRT,Offline TA/TO,13,0,No Deposit,31,Transient-Party,A,0,0,1
37010,PRT,Offline TA/TO,0,4,No Deposit,4,Transient-Party,A,0,1,0
11946,GBR,Offline TA/TO,0,1,No Deposit,0,Contract,D,0,2,0
3540,USA,Online TA,0,2,No Deposit,0,Transient,A,0,3,0
7077,GBR,Direct,0,3,No Deposit,0,Transient,E,0,0,0
53357,PRT,Direct,0,5,No Deposit,0,Transient,C,1,0,0
544,PRT,Groups,25,0,Non Refund,0,Transient,A,0,0,1
24828,GBR,Offline TA/TO,0,0,No Deposit,0,Contract,E,1,0,0
13373,GBR,Groups,0,0,No Deposit,113,Transient-Party,A,0,0,0
472,FRA,Online TA,0,0,No Deposit,0,Transient-Party,A,1,2,0
78466,GBR,Online TA,0,0,No Deposit,0,Transient-Party,G,0,3,0
409,PRT,Direct,0,0,No Deposit,0,Transient,F,0,0,0
2740,ESP,Online TA,0,4,No Deposit,0,Transient,D,0,0,1
13236,IRL,Online TA,0,6,No Deposit,0,Transient,F,0,0,1
49883,FRA,Direct,0,2,No Deposit,0,Transient-Party,F,0,0,0
71440,GBR,Groups,0,1,No Deposit,64,Transient-Party,D,0,0,0
3473,SWE,Groups,0,0,No Deposit,14,Transient,C,0,0,0
714,PRT,Corporate,3,0,No Deposit,0,Transient,A,0,0,0
690,PRT,Offline TA/TO,0,0,No Deposit,0,Contract,E,0,1,0
2330,PRT,Online TA,0,5,No Deposit,0,Transient,A,1,2,0
13,FRA,Online TA,0,0,No Deposit,0,Transient,E,0,0,1
46177,CHE,Online TA,0,0,No Deposit,0,Transient-Party,C,1,2,0
4719,PRT,Offline TA/TO,0,0,Non Refund,85,Transient,A,0,0,1
28595,FRA,Offline TA/TO,0,0,No Deposit,1,Transient,A,0,0,0
22959,SWE,Offline TA/TO,0,1,No Deposit,35,Transient-Party,A,0,1,0
26482,PRT,Corporate,5,0,No Deposit,0,Transient,A,0,0,0
57559,GBR,Online TA,0,7,No Deposit,0,Transient,A,0,1,0
65848,MOZ,Offline TA/TO,0,1,No Deposit,36,Transient-Party,A,0,0,0
11764,PRT,Groups,0,0,No Deposit,96,Transient-Party,A,0,1,0
19828,FRA,Online TA,0,3,No Deposit,0,Transient,A,0,4,0
427,FRA,Offline TA/TO,0,0,No Deposit,0,Group,D,0,0,0
45296,FRA,Groups,0,1,No Deposit,259,Transient-Party,A,0,0,0
24519,PRT,Direct,1,2,No Deposit,0,Transient,E,1,4,0
1336,ISR,Groups,0,0,No Deposit,58,Transient-Party,A,0,0,0
21160,NLD,Online TA,0,0,No Deposit,0,Transient-Party,B,0,3,0
7525,PRT,Offline TA/TO,19,0,Non Refund,0,Transient,A,0,0,1
72120,CN,Online TA,0,1,No Deposit,0,Transient-Party,C,1,3,0
59073,BEL,Online TA,0,0,No Deposit,0,Transient,H,2,1,0
144,BEL,Offline TA/TO,0,0,No Deposit,0,Transient-Party,D,0,1,0
19176,FIN,Groups,0,0,No Deposit,5,Transient-Party,D,0,0,0
8063,FRA,Groups,0,1,No Deposit,379,Transient-Party,A,0,1,0
2066,PRT,Offline TA/TO,0,2,No Deposit,0,Transient-Party,A,0,1,0
53174,FRA,Offline TA/TO,0,0,No Deposit,0,Transient-Party,C,1,1,0
41419,NOR,Online TA,0,1,No Deposit,0,Transient-Party,A,0,4,0
21709,POL,Online TA,0,3,No Deposit,0,Transient-Party,A,0,3,0
1948,PRT,Offline TA/TO,0,1,No Deposit,63,Transient-Party,A,0,0,1
912,PRT,Direct,0,1,No Deposit,0,Transient,C,0,2,0
3187,PRT,Corporate,0,4,No Deposit,0,Transient,A,0,0,0
8069,GBR,Groups,0,1,Refundable,150,Transient-Party,A,0,0,0
15940,GBR,Groups,0,5,No Deposit,0,Transient-Party,D,1,0,0
58078,FRA,Groups,0,1,No Deposit,236,Transient-Party,A,0,0,0
21171,FRA,Groups,0,0,No Deposit,379,Transient-Party,A,0,1,0
31274,PRT,Corporate,0,21,No Deposit,0,Transient-Party,A,0,0,0
39590,PRT,Offline TA/TO,1,1,No Deposit,0,Group,E,0,1,1
27995,PRT,Online TA,0,2,No Deposit,0,Contract,A,0,2,0
74303,USA,Online TA,0,1,No Deposit,0,Transient-Party,C,1,1,0
24995,PRT,Groups,0,3,No Deposit,87,Transient-Party,A,0,0,0
1166,,Direct,2,0,No Deposit,0,Transient,E,0,3,1
